siteName,siteLatitude,siteLongitude,siteAltitude,siteID,depth,thickness,age,ageOld,ageYoung,ageType,chronologyID,taxonPercent,taxonSum,pollenSum,countedInLevel,totalInLevel,datasetID,datasetType,collectionUnitType,collectionUnitHandle,collectionUnitID
Balsam Meadow,37.195833,-119.260278,2015.0,226,244.0,,9780.0,,,Radiocarbon years BP,61,0.263157894737,1.0,380.0,22,26,228,pollen,Core,BALSAMMD,226
Exchequer Meadow,37.0,-119.833333,2219.0,794,312.0,1.0,10321.0,,,Radiocarbon years BP,379,2.40700218818,11.0,457.0,23,28,816,pollen,Core,EXCHEQUE,793
Exchequer Meadow,37.0,-119.833333,2219.0,794,333.0,1.0,11016.0,,,Radiocarbon years BP,379,1.34099616858,7.0,522.0,23,30,816,pollen,Core,EXCHEQUE,793
Exchequer Meadow,37.0,-119.833333,2219.0,794,340.0,1.0,11248.0,,,Radiocarbon years BP,379,0.460829493088,2.0,434.0,18,27,816,pollen,Core,EXCHEQUE,793
Goff Lake,44.4525,-109.838611,1996.0,936,110.0,,142.0,,,Radiocarbon years BP,441,0.45045045045,1.0,222.0,22,24,965,pollen,Core,GOFF,935
Swamp Lake,37.95,-119.816667,1554.0,2529,9.6,1.0,161.0,,,Radiocarbon years BP,1225,0.24154589372,1.0,414.0,13,17,2619,pollen,Core,SWAMPLK,2528
Swamp Lake,37.95,-119.816667,1554.0,2529,200.0,1.0,3218.0,,,Radiocarbon years BP,1225,0.284090909091,1.0,352.0,13,15,2619,pollen,Core,SWAMPLK,2528
Swamp Lake,37.95,-119.816667,1554.0,2529,611.0,1.0,10605.0,,,Radiocarbon years BP,1225,0.220750551876,1.0,453.0,18,24,2619,pollen,Core,SWAMPLK,2528
Browns Island,38.04217,-121.86795,0.0,9795,10.0,1.0,27.0,128.0,-34.0,Calibrated radiocarbon years BP,7671,0.8,1.0,125.0,13,20,14491,pollen,Core,BROWNS,11057
Browns Island,38.04217,-121.86795,0.0,9795,35.0,1.0,220.0,347.0,99.0,Calibrated radiocarbon years BP,7671,0.442477876106,1.0,226.0,12,18,14491,pollen,Core,BROWNS,11057
Roe Island,38.0723,-122.032935,0.0,9796,5.0,1.0,-25.0,10.0,-46.0,Calibrated radiocarbon years BP,7673,1.0752688172,2.0,186.0,11,17,14494,pollen,Core,ROEISLND,11058
Roe Island,38.0723,-122.032935,0.0,9796,310.0,1.0,1972.0,2147.0,1810.0,Calibrated radiocarbon years BP,7673,0.540540540541,1.0,185.0,12,18,14494,pollen,Core,ROEISLND,11058
Bluff Lake,41.346515,-122.55987,1926.0,10309,277.0,1.0,10996.0,11469.0,10538.0,Calibrated radiocarbon years BP,8303,0.447627573859,5.0,1117.0,23,29,15646,pollen,Core,BLUFFCA,11663
Lilypad Lake,36.98229,-118.99407,1982.0,10363,195.0,,4168.0,5451.0,3019.0,Calibrated radiocarbon years BP,8370,0.355871886121,1.0,281.0,19,24,15766,pollen,Core,LILYPDCA,11727
Lilypad Lake,36.98229,-118.99407,1982.0,10363,230.0,,5115.0,6534.0,3815.0,Calibrated radiocarbon years BP,8370,0.531914893617,1.0,188.0,18,23,15766,pollen,Core,LILYPDCA,11727
Lilypad Lake,36.98229,-118.99407,1982.0,10363,310.0,,7293.0,8748.0,5855.0,Calibrated radiocarbon years BP,8370,0.404858299595,1.0,247.0,18,24,15766,pollen,Core,LILYPDCA,11727
Lilypad Lake,36.98229,-118.99407,1982.0,10363,415.0,,10144.0,11432.0,8936.0,Calibrated radiocarbon years BP,8370,1.08303249097,3.0,277.0,26,30,15766,pollen,Core,LILYPDCA,11727
Lilypad Lake,36.98229,-118.99407,1982.0,10363,470.0,,11778.0,12967.0,10977.0,Calibrated radiocarbon years BP,8370,1.108033241,4.0,361.0,21,27,15766,pollen,Core,LILYPDCA,11727
Lilypad Lake,36.98229,-118.99407,1982.0,10363,519.0,,14794.0,16085.0,12809.0,Calibrated radiocarbon years BP,8370,0.348432055749,1.0,287.0,17,25,15766,pollen,Core,LILYPDCA,11727
Mono Lake,38.00795,-119.0255,1945.0,10369,480.0,,8540.0,8954.0,8107.0,Calibrated radiocarbon years BP,8376,0.3300330033,1.0,303.0,15,20,15778,pollen,Core,MONOLK,11733
Mono Lake,38.00795,-119.0255,1945.0,10369,600.0,,10101.0,10470.0,9707.0,Calibrated radiocarbon years BP,8376,1.3468013468,4.0,297.0,13,17,15778,pollen,Core,MONOLK,11733
Mono Lake,38.00795,-119.0255,1945.0,10369,620.0,,10386.0,10758.0,10020.0,Calibrated radiocarbon years BP,8376,0.327868852459,1.0,305.0,16,21,15778,pollen,Core,MONOLK,11733
Mono Lake,38.00795,-119.0255,1945.0,10369,654.0,,10892.0,11200.0,10524.0,Calibrated radiocarbon years BP,8376,2.08333333333,7.0,336.0,18,23,15778,pollen,Core,MONOLK,11733
Mono Lake,38.00795,-119.0255,1945.0,10369,672.0,,11287.0,11756.0,10848.0,Calibrated radiocarbon years BP,8376,0.626959247649,2.0,319.0,20,27,15778,pollen,Core,MONOLK,11733
Mono Lake,38.00795,-119.0255,1945.0,10369,680.0,,11516.0,12114.0,10983.0,Calibrated radiocarbon years BP,8376,0.66889632107,2.0,299.0,12,15,15778,pollen,Core,MONOLK,11733
Mono Lake,38.00795,-119.0255,1945.0,10369,689.0,,11773.0,12361.0,11199.0,Calibrated radiocarbon years BP,8376,3.64238410596,11.0,302.0,14,21,15778,pollen,Core,MONOLK,11733
Mono Lake,38.00795,-119.0255,1945.0,10369,710.0,,12365.0,12808.0,11721.0,Calibrated radiocarbon years BP,8376,2.8818443804,10.0,347.0,17,24,15778,pollen,Core,MONOLK,11733
Mono Lake,38.00795,-119.0255,1945.0,10369,720.0,,12365.0,12808.0,11721.0,Calibrated radiocarbon years BP,8376,4.2904290429,13.0,303.0,15,20,15778,pollen,Core,MONOLK,11733
Mono Lake,38.00795,-119.0255,1945.0,10369,730.0,,12649.0,12997.0,12050.0,Calibrated radiocarbon years BP,8376,5.5737704918,17.0,305.0,17,24,15778,pollen,Core,MONOLK,11733
Mono Lake,38.00795,-119.0255,1945.0,10369,740.0,,12923.0,13577.0,12163.0,Calibrated radiocarbon years BP,8376,17.0,51.0,300.0,17,24,15778,pollen,Core,MONOLK,11733
Mono Lake,38.00795,-119.0255,1945.0,10369,745.0,,13058.0,13949.0,12199.0,Calibrated radiocarbon years BP,8376,20.0657894737,61.0,304.0,18,24,15778,pollen,Core,MONOLK,11733
Mono Lake,38.00795,-119.0255,1945.0,10369,752.0,,13247.0,14469.0,12247.0,Calibrated radiocarbon years BP,8376,0.980392156863,1.0,102.0,12,16,15778,pollen,Core,MONOLK,11733
Tulare Lake,36.052,-119.78,55.0,10410,300.0,,9300.0,10122.0,8464.0,Calibrated radiocarbon years BP,8429,0.593471810089,2.0,337.0,25,33,15876,pollen,Core,TULARECA,11785
Tulare Lake,36.052,-119.78,55.0,10410,310.0,,9526.0,10259.0,8780.0,Calibrated radiocarbon years BP,8429,0.890207715134,3.0,337.0,21,28,15876,pollen,Core,TULARECA,11785
Tulare Lake,36.052,-119.78,55.0,10410,320.0,,9751.0,10482.0,8958.0,Calibrated radiocarbon years BP,8429,2.30547550432,8.0,347.0,23,29,15876,pollen,Core,TULARECA,11785
Tulare Lake,36.052,-119.78,55.0,10410,340.0,,10179.0,10754.0,9583.0,Calibrated radiocarbon years BP,8429,1.81818181818,6.0,330.0,23,29,15876,pollen,Core,TULARECA,11785
Tulare Lake,36.052,-119.78,55.0,10410,360.0,,10530.0,11356.0,9824.0,Calibrated radiocarbon years BP,8429,3.30788804071,13.0,393.0,23,32,15876,pollen,Core,TULARECA,11785
Tulare Lake,36.052,-119.78,55.0,10410,380.0,,10880.0,11893.0,10048.0,Calibrated radiocarbon years BP,8429,4.78873239437,17.0,355.0,23,29,15876,pollen,Core,TULARECA,11785
Tulare Lake,36.052,-119.78,55.0,10410,400.0,,11228.0,12311.0,10297.0,Calibrated radiocarbon years BP,8429,3.0985915493,11.0,355.0,22,31,15876,pollen,Core,TULARECA,11785
Tulare Lake,36.052,-119.78,55.0,10410,420.0,,11562.0,12684.0,10573.0,Calibrated radiocarbon years BP,8429,4.1095890411,15.0,365.0,26,34,15876,pollen,Core,TULARECA,11785
Tulare Lake,36.052,-119.78,55.0,10410,440.0,,12031.0,13295.0,10922.0,Calibrated radiocarbon years BP,8429,3.23450134771,12.0,371.0,24,35,15876,pollen,Core,TULARECA,11785
Tulare Lake,36.052,-119.78,55.0,10410,460.0,,13124.0,15275.0,11460.0,Calibrated radiocarbon years BP,8429,1.64835164835,6.0,364.0,25,34,15876,pollen,Core,TULARECA,11785
Tulare Lake,36.052,-119.78,55.0,10410,480.0,,14165.0,16632.0,12042.0,Calibrated radiocarbon years BP,8429,3.39425587467,13.0,383.0,22,31,15876,pollen,Core,TULARECA,11785
Tulare Lake,36.052,-119.78,55.0,10410,500.0,,15228.0,17860.0,12817.0,Calibrated radiocarbon years BP,8429,6.92771084337,23.0,332.0,23,31,15876,pollen,Core,TULARECA,11785
Tulare Lake,36.052,-119.78,55.0,10410,520.0,,16300.0,19001.0,13695.0,Calibrated radiocarbon years BP,8429,8.93854748603,32.0,358.0,26,35,15876,pollen,Core,TULARECA,11785
Tulare Lake,36.052,-119.78,55.0,10410,540.0,,17303.0,19985.0,14535.0,Calibrated radiocarbon years BP,8429,7.91788856305,27.0,341.0,23,33,15876,pollen,Core,TULARECA,11785
Tulare Lake,36.052,-119.78,55.0,10410,550.0,,17873.0,20327.0,15305.0,Calibrated radiocarbon years BP,8429,2.24719101124,8.0,356.0,20,29,15876,pollen,Core,TULARECA,11785
Tulare Lake,36.052,-119.78,55.0,10410,560.0,,18440.0,20958.0,15698.0,Calibrated radiocarbon years BP,8429,1.33333333333,5.0,375.0,22,28,15876,pollen,Core,TULARECA,11785
Tulare Lake,36.052,-119.78,55.0,10410,570.0,,19038.0,21201.0,16503.0,Calibrated radiocarbon years BP,8429,2.29885057471,12.0,522.0,20,29,15876,pollen,Core,TULARECA,11785
Tulare Lake,36.052,-119.78,55.0,10410,580.0,,19638.0,21681.0,17048.0,Calibrated radiocarbon years BP,8429,5.25,21.0,400.0,24,34,15876,pollen,Core,TULARECA,11785
Tulare Lake,36.052,-119.78,55.0,10410,590.0,,20229.0,21906.0,17899.0,Calibrated radiocarbon years BP,8429,3.08483290488,12.0,389.0,20,29,15876,pollen,Core,TULARECA,11785
Tulare Lake,36.052,-119.78,55.0,10410,600.0,,20826.0,22336.0,18374.0,Calibrated radiocarbon years BP,8429,3.58744394619,16.0,446.0,23,30,15876,pollen,Core,TULARECA,11785
Tulare Lake,36.052,-119.78,55.0,10410,601.0,,20883.0,22350.0,18547.0,Calibrated radiocarbon years BP,8429,1.42180094787,6.0,422.0,20,29,15876,pollen,Core,TULARECA,11785
Tulare Lake,36.052,-119.78,55.0,10410,604.0,,21055.0,22390.0,19030.0,Calibrated radiocarbon years BP,8429,1.35501355014,5.0,369.0,21,32,15876,pollen,Core,TULARECA,11785
Tulare Lake,36.052,-119.78,55.0,10410,606.0,,21171.0,22414.0,19349.0,Calibrated radiocarbon years BP,8429,2.77078085642,11.0,397.0,18,25,15876,pollen,Core,TULARECA,11785
Tulare Lake,36.052,-119.78,55.0,10410,609.0,,21344.0,22454.0,19807.0,Calibrated radiocarbon years BP,8429,1.2987012987,5.0,385.0,21,30,15876,pollen,Core,TULARECA,11785
Tulare Lake,36.052,-119.78,55.0,10410,614.0,,21637.0,22560.0,20448.0,Calibrated radiocarbon years BP,8429,1.05540897098,4.0,379.0,17,26,15876,pollen,Core,TULARECA,11785
Tulare Lake,36.052,-119.78,55.0,10410,617.0,,21816.0,22669.0,20677.0,Calibrated radiocarbon years BP,8429,1.86046511628,8.0,430.0,25,34,15876,pollen,Core,TULARECA,11785
Tulare Lake,36.052,-119.78,55.0,10410,620.0,,21995.0,22824.0,20841.0,Calibrated radiocarbon years BP,8429,3.89294403893,16.0,411.0,25,35,15876,pollen,Core,TULARECA,11785
Tulare Lake,36.052,-119.78,55.0,10410,625.0,,22277.0,22990.0,21313.0,Calibrated radiocarbon years BP,8429,3.73134328358,15.0,402.0,20,28,15876,pollen,Core,TULARECA,11785
Tulare Lake,36.052,-119.78,55.0,10410,630.0,,22562.0,23280.0,21655.0,Calibrated radiocarbon years BP,8429,3.02197802198,11.0,364.0,23,33,15876,pollen,Core,TULARECA,11785
Tulare Lake,36.052,-119.78,55.0,10410,635.0,,22848.0,23760.0,21880.0,Calibrated radiocarbon years BP,8429,7.58426966292,27.0,356.0,17,24,15876,pollen,Core,TULARECA,11785
Tulare Lake,36.052,-119.78,55.0,10410,640.0,,23130.0,24368.0,22003.0,Calibrated radiocarbon years BP,8429,3.66492146597,14.0,382.0,20,31,15876,pollen,Core,TULARECA,11785
Tulare Lake,36.052,-119.78,55.0,10410,645.0,,23359.0,24459.0,22345.0,Calibrated radiocarbon years BP,8429,5.03978779841,19.0,377.0,23,32,15876,pollen,Core,TULARECA,11785
Tulare Lake,36.052,-119.78,55.0,10410,650.0,,23590.0,24598.0,22602.0,Calibrated radiocarbon years BP,8429,2.22841225627,8.0,359.0,19,29,15876,pollen,Core,TULARECA,11785
Tulare Lake,36.052,-119.78,55.0,10410,660.0,,24051.0,25137.0,22897.0,Calibrated radiocarbon years BP,8429,1.93905817175,7.0,361.0,21,31,15876,pollen,Core,TULARECA,11785
Tulare Lake,36.052,-119.78,55.0,10410,670.0,,24534.0,25418.0,23607.0,Calibrated radiocarbon years BP,8429,3.26633165829,13.0,398.0,20,31,15876,pollen,Core,TULARECA,11785
Tulare Lake,36.052,-119.78,55.0,10410,680.0,,25019.0,26224.0,23862.0,Calibrated radiocarbon years BP,8429,2.33766233766,9.0,385.0,26,36,15876,pollen,Core,TULARECA,11785
Tulare Lake,36.052,-119.78,55.0,10410,690.0,,25457.0,26586.0,24269.0,Calibrated radiocarbon years BP,8429,2.08877284595,8.0,383.0,28,37,15876,pollen,Core,TULARECA,11785
Tulare Lake,36.052,-119.78,55.0,10410,700.0,,25891.0,27257.0,24451.0,Calibrated radiocarbon years BP,8429,1.67064439141,7.0,419.0,26,33,15876,pollen,Core,TULARECA,11785
Tulare Lake,36.052,-119.78,55.0,10410,710.0,,26333.0,27486.0,24978.0,Calibrated radiocarbon years BP,8429,0.305810397554,1.0,327.0,18,24,15876,pollen,Core,TULARECA,11785
Tulare Lake,36.052,-119.78,55.0,10410,720.0,,26774.0,27918.0,25285.0,Calibrated radiocarbon years BP,8429,4.8128342246,18.0,374.0,23,34,15876,pollen,Core,TULARECA,11785
Tulare Lake,36.052,-119.78,55.0,10410,730.0,,27220.0,28039.0,26141.0,Calibrated radiocarbon years BP,8429,1.69491525424,6.0,354.0,19,25,15876,pollen,Core,TULARECA,11785
Tulare Lake,36.052,-119.78,55.0,10410,740.0,,27671.0,28342.0,26579.0,Calibrated radiocarbon years BP,8429,2.0942408377,8.0,382.0,24,34,15876,pollen,Core,TULARECA,11785
Tulare Lake,36.052,-119.78,55.0,10410,750.0,,27893.0,28449.0,27082.0,Calibrated radiocarbon years BP,8429,1.12676056338,4.0,355.0,24,33,15876,pollen,Core,TULARECA,11785
Tulare Lake,36.052,-119.78,55.0,10410,760.0,,28120.0,28677.0,27398.0,Calibrated radiocarbon years BP,8429,3.06603773585,13.0,424.0,24,35,15876,pollen,Core,TULARECA,11785
Tulare Lake,36.052,-119.78,55.0,10410,770.0,,28310.0,28770.0,27820.0,Calibrated radiocarbon years BP,8429,2.93453724605,13.0,443.0,25,34,15876,pollen,Core,TULARECA,11785
Tulare Lake,36.052,-119.78,55.0,10410,780.0,,28505.0,28980.0,28008.0,Calibrated radiocarbon years BP,8429,0.295275590551,3.0,1016.0,31,40,15876,pollen,Core,TULARECA,11785
Tulare Lake,36.052,-119.78,55.0,10410,790.0,,28674.0,29073.0,28236.0,Calibrated radiocarbon years BP,8429,0.416666666667,2.0,480.0,22,28,15876,pollen,Core,TULARECA,11785
Tulare Lake,36.052,-119.78,55.0,10410,800.0,,28841.0,29265.0,28356.0,Calibrated radiocarbon years BP,8429,1.08225108225,5.0,462.0,24,33,15876,pollen,Core,TULARECA,11785
Tulare Lake,36.052,-119.78,55.0,10410,820.0,,29173.0,29528.0,28816.0,Calibrated radiocarbon years BP,8429,1.86721991701,9.0,482.0,27,39,15876,pollen,Core,TULARECA,11785
Tulare Lake,36.052,-119.78,55.0,10410,830.0,,29292.0,29667.0,28937.0,Calibrated radiocarbon years BP,8429,2.54452926209,10.0,393.0,23,29,15876,pollen,Core,TULARECA,11785
Tulare Lake,36.052,-119.78,55.0,10410,840.0,,29408.0,29892.0,28996.0,Calibrated radiocarbon years BP,8429,1.44927536232,8.0,552.0,31,39,15876,pollen,Core,TULARECA,11785
Tulare Lake,36.052,-119.78,55.0,10410,853.0,,29562.0,30029.0,29130.0,Calibrated radiocarbon years BP,8429,1.23076923077,4.0,325.0,21,29,15876,pollen,Core,TULARECA,11785
Lower Lake,38.590035,-123.30498,228.0,10469,0.0,2.5,-29.0,,,Calendar years BP,8517,25.6965944272,83.0,323.0,28,31,16046,pollen,Core,LOWERPLT,11864
Lower Lake,38.590035,-123.30498,228.0,10469,5.0,2.5,80.0,,,Calendar years BP,8517,23.8693467337,95.0,398.0,27,30,16046,pollen,Core,LOWERPLT,11864
Lower Lake,38.590035,-123.30498,228.0,10469,10.0,2.5,103.0,,,Calendar years BP,8517,14.2857142857,59.0,413.0,27,30,16046,pollen,Core,LOWERPLT,11864
Lower Lake,38.590035,-123.30498,228.0,10469,12.0,2.5,113.0,,,Calendar years BP,8517,23.9603960396,121.0,505.0,28,31,16046,pollen,Core,LOWERPLT,11864
Lower Lake,38.590035,-123.30498,228.0,10469,15.0,2.5,127.0,,,Calendar years BP,8517,31.2638580931,141.0,451.0,27,30,16046,pollen,Core,LOWERPLT,11864
Lower Lake,38.590035,-123.30498,228.0,10469,17.5,2.5,138.0,,,Calendar years BP,8517,45.7765667575,168.0,367.0,24,27,16046,pollen,Core,LOWERPLT,11864
Lower Lake,38.590035,-123.30498,228.0,10469,20.0,2.5,150.0,,,Calendar years BP,8517,54.1666666667,169.0,312.0,22,25,16046,pollen,Core,LOWERPLT,11864
Lower Lake,38.590035,-123.30498,228.0,10469,22.5,2.5,162.0,,,Calendar years BP,8517,48.0392156863,147.0,306.0,20,22,16046,pollen,Core,LOWERPLT,11864
Lower Lake,38.590035,-123.30498,228.0,10469,25.0,2.5,173.0,,,Calendar years BP,8517,56.0693641618,194.0,346.0,23,26,16046,pollen,Core,LOWERPLT,11864
Lower Lake,38.590035,-123.30498,228.0,10469,27.5,2.5,185.0,,,Calendar years BP,8517,49.1525423729,145.0,295.0,16,18,16046,pollen,Core,LOWERPLT,11864
Lower Lake,38.590035,-123.30498,228.0,10469,30.0,2.5,197.0,,,Calendar years BP,8517,45.0142450142,158.0,351.0,21,24,16046,pollen,Core,LOWERPLT,11864
Lower Lake,38.590035,-123.30498,228.0,10469,32.0,2.5,206.0,,,Calendar years BP,8517,47.2440944882,180.0,381.0,22,25,16046,pollen,Core,LOWERPLT,11864
Lower Lake,38.590035,-123.30498,228.0,10469,35.0,2.5,220.0,,,Calendar years BP,8517,43.6482084691,134.0,307.0,18,21,16046,pollen,Core,LOWERPLT,11864
Lower Lake,38.590035,-123.30498,228.0,10469,37.5,2.5,232.0,,,Calendar years BP,8517,46.8513853904,186.0,397.0,21,23,16046,pollen,Core,LOWERPLT,11864
Lower Lake,38.590035,-123.30498,228.0,10469,40.0,2.5,243.0,,,Calendar years BP,8517,41.6666666667,170.0,408.0,18,21,16046,pollen,Core,LOWERPLT,11864
Lower Lake,38.590035,-123.30498,228.0,10469,42.0,2.5,253.0,,,Calendar years BP,8517,48.3240223464,173.0,358.0,19,21,16046,pollen,Core,LOWERPLT,11864
Lower Lake,38.590035,-123.30498,228.0,10469,44.0,2.5,262.0,,,Calendar years BP,8517,44.7204968944,144.0,322.0,21,23,16046,pollen,Core,LOWERPLT,11864
Lower Lake,38.590035,-123.30498,228.0,10469,47.0,2.5,276.0,,,Calendar years BP,8517,43.6201780415,147.0,337.0,16,18,16046,pollen,Core,LOWERPLT,11864
Lower Lake,38.590035,-123.30498,228.0,10469,52.0,2.5,299.0,,,Calendar years BP,8517,32.967032967,120.0,364.0,19,21,16046,pollen,Core,LOWERPLT,11864
Elkhorn Slough,36.82535,-121.76415,0.0,10477,3.0,2.5,-23.0,-7.0,-36.0,Calibrated radiocarbon years BP,8527,3.98773006135,13.0,326.0,26,28,16063,pollen,Core,ELKHORN,11872
Elkhorn Slough,36.82535,-121.76415,0.0,10477,27.0,2.5,80.0,96.0,66.0,Calibrated radiocarbon years BP,8527,1.53452685422,6.0,391.0,23,25,16063,pollen,Core,ELKHORN,11872
Elkhorn Slough,36.82535,-121.76415,0.0,10477,52.0,2.5,377.0,732.0,157.0,Calibrated radiocarbon years BP,8527,1.44230769231,6.0,416.0,20,22,16063,pollen,Core,ELKHORN,11872
Elkhorn Slough,36.82535,-121.76415,0.0,10477,106.0,2.5,1090.0,1623.0,630.0,Calibrated radiocarbon years BP,8527,4.90797546012,16.0,326.0,22,25,16063,pollen,Core,ELKHORN,11872
Elkhorn Slough,36.82535,-121.76415,0.0,10477,156.0,2.5,1744.0,2309.0,1198.0,Calibrated radiocarbon years BP,8527,3.64683301344,19.0,521.0,21,23,16063,pollen,Core,ELKHORN,11872
Elkhorn Slough,36.82535,-121.76415,0.0,10477,179.0,2.5,2046.0,2622.0,1466.0,Calibrated radiocarbon years BP,8527,4.7311827957,22.0,465.0,22,24,16063,pollen,Core,ELKHORN,11872
Elkhorn Slough,36.82535,-121.76415,0.0,10477,206.0,2.5,2400.0,2945.0,1838.0,Calibrated radiocarbon years BP,8527,3.01810865191,15.0,497.0,21,24,16063,pollen,Core,ELKHORN,11872
Elkhorn Slough,36.82535,-121.76415,0.0,10477,256.0,2.5,3054.0,3495.0,2536.0,Calibrated radiocarbon years BP,8527,2.15384615385,7.0,325.0,18,20,16063,pollen,Core,ELKHORN,11872
Elkhorn Slough,36.82535,-121.76415,0.0,10477,280.0,2.5,3368.0,3752.0,2898.0,Calibrated radiocarbon years BP,8527,3.76237623762,19.0,505.0,24,26,16063,pollen,Core,ELKHORN,11872
Elkhorn Slough,36.82535,-121.76415,0.0,10477,304.0,2.5,3675.0,3961.0,3339.0,Calibrated radiocarbon years BP,8527,5.49738219895,21.0,382.0,19,22,16063,pollen,Core,ELKHORN,11872
Elkhorn Slough,36.82535,-121.76415,0.0,10477,333.0,2.5,4006.0,4373.0,3688.0,Calibrated radiocarbon years BP,8527,4.0899795501,20.0,489.0,23,25,16063,pollen,Core,ELKHORN,11872
Elkhorn Slough,36.82535,-121.76415,0.0,10477,356.0,2.5,4205.0,4647.0,3842.0,Calibrated radiocarbon years BP,8527,8.13008130081,20.0,246.0,20,23,16063,pollen,Core,ELKHORN,11872
Elkhorn Slough,36.82535,-121.76415,0.0,10477,406.0,2.5,4548.0,5002.0,4152.0,Calibrated radiocarbon years BP,8527,8.11594202899,28.0,345.0,20,22,16063,pollen,Core,ELKHORN,11872
Elkhorn Slough,36.82535,-121.76415,0.0,10477,453.0,2.5,4870.0,5326.0,4458.0,Calibrated radiocarbon years BP,8527,5.48387096774,17.0,310.0,22,24,16063,pollen,Core,ELKHORN,11872
Elkhorn Slough,36.82535,-121.76415,0.0,10477,506.0,2.5,5231.0,5694.0,4811.0,Calibrated radiocarbon years BP,8527,3.7542662116,33.0,879.0,19,21,16063,pollen,Core,ELKHORN,11872
Elkhorn Slough,36.82535,-121.76415,0.0,10477,557.0,2.5,5577.0,6021.0,5173.0,Calibrated radiocarbon years BP,8527,3.61010830325,20.0,554.0,23,26,16063,pollen,Core,ELKHORN,11872
Elkhorn Slough,36.82535,-121.76415,0.0,10477,580.0,2.5,5735.0,6177.0,5339.0,Calibrated radiocarbon years BP,8527,3.25379609544,15.0,461.0,20,22,16063,pollen,Core,ELKHORN,11872
Elkhorn Slough,36.82535,-121.76415,0.0,10477,606.0,2.5,5911.0,6342.0,5539.0,Calibrated radiocarbon years BP,8527,3.72340425532,28.0,752.0,20,22,16063,pollen,Core,ELKHORN,11872
Elkhorn Slough,36.82535,-121.76415,0.0,10477,656.0,2.5,6252.0,6666.0,5949.0,Calibrated radiocarbon years BP,8527,3.96600566572,14.0,353.0,26,28,16063,pollen,Core,ELKHORN,11872
Elkhorn Slough,36.82535,-121.76415,0.0,10477,689.0,2.5,6474.0,6889.0,6270.0,Calibrated radiocarbon years BP,8527,7.02702702703,13.0,185.0,19,22,16063,pollen,Core,ELKHORN,11872
CA-HUM-558 (Pilot Ridge),40.6617,-123.6691,1250.0,10478,2.5,2.0,174.0,621.0,-23.0,Calibrated radiocarbon years BP,8528,0.430107526882,2.0,465.0,29,31,16065,pollen,Core,PILOTRDG,11873
CA-HUM-558 (Pilot Ridge),40.6617,-123.6691,1250.0,10478,16.0,2.0,1402.0,2473.0,326.0,Calibrated radiocarbon years BP,8528,0.210526315789,1.0,475.0,24,26,16065,pollen,Core,PILOTRDG,11873
CA-HUM-558 (Pilot Ridge),40.6617,-123.6691,1250.0,10478,17.5,2.0,1546.0,2543.0,389.0,Calibrated radiocarbon years BP,8528,0.239234449761,1.0,418.0,27,29,16065,pollen,Core,PILOTRDG,11873
CA-HUM-558 (Pilot Ridge),40.6617,-123.6691,1250.0,10478,20.5,2.0,1803.0,2805.0,481.0,Calibrated radiocarbon years BP,8528,0.738916256158,3.0,406.0,25,27,16065,pollen,Core,PILOTRDG,11873
CA-HUM-558 (Pilot Ridge),40.6617,-123.6691,1250.0,10478,22.5,2.0,1877.0,2872.0,549.0,Calibrated radiocarbon years BP,8528,0.257731958763,1.0,388.0,26,29,16065,pollen,Core,PILOTRDG,11873
CA-HUM-558 (Pilot Ridge),40.6617,-123.6691,1250.0,10478,26.7,,2015.0,3016.0,647.0,Calibrated radiocarbon years BP,8528,0.276243093923,1.0,362.0,25,27,16065,pollen,Core,PILOTRDG,11873
CA-HUM-558 (Pilot Ridge),40.6617,-123.6691,1250.0,10478,99.5,2.0,4064.0,4908.0,2462.0,Calibrated radiocarbon years BP,8528,0.204498977505,1.0,489.0,26,28,16065,pollen,Core,PILOTRDG,11873
CA-HUM-558 (Pilot Ridge),40.6617,-123.6691,1250.0,10478,120.5,2.0,4657.0,5374.0,2965.0,Calibrated radiocarbon years BP,8528,0.488997555012,2.0,409.0,24,26,16065,pollen,Core,PILOTRDG,11873
Benicia State Park,38.0734722222,-122.193055556,0.0,10519,1.0,,-38.0,-6.0,-72.0,Calibrated radiocarbon years BP,8591,2.60416666667,5.0,192.0,12,16,16184,pollen,Core,BENICIA,11931
Benicia State Park,38.0734722222,-122.193055556,0.0,10519,6.0,,-1.0,82.0,-56.0,Calibrated radiocarbon years BP,8591,0.279329608939,1.0,358.0,11,15,16184,pollen,Core,BENICIA,11931
Benicia State Park,38.0734722222,-122.193055556,0.0,10519,13.0,,52.0,166.0,-28.0,Calibrated radiocarbon years BP,8591,3.26797385621,10.0,306.0,12,15,16184,pollen,Core,BENICIA,11931
Benicia State Park,38.0734722222,-122.193055556,0.0,10519,19.0,,97.0,233.0,-1.0,Calibrated radiocarbon years BP,8591,4.66666666667,14.0,300.0,12,16,16184,pollen,Core,BENICIA,11931
Benicia State Park,38.0734722222,-122.193055556,0.0,10519,26.0,,150.0,307.0,35.0,Calibrated radiocarbon years BP,8591,8.21917808219,6.0,73.0,11,15,16184,pollen,Core,BENICIA,11931
Benicia State Park,38.0734722222,-122.193055556,0.0,10519,38.0,,240.0,412.0,107.0,Calibrated radiocarbon years BP,8591,12.8571428571,9.0,70.0,7,11,16184,pollen,Core,BENICIA,11931
Benicia State Park,38.0734722222,-122.193055556,0.0,10519,46.0,,301.0,476.0,160.0,Calibrated radiocarbon years BP,8591,5.41401273885,17.0,314.0,8,11,16184,pollen,Core,BENICIA,11931
Benicia State Park,38.0734722222,-122.193055556,0.0,10519,52.0,,355.0,526.0,215.0,Calibrated radiocarbon years BP,8591,2.85714285714,6.0,210.0,9,13,16184,pollen,Core,BENICIA,11931
Benicia State Park,38.0734722222,-122.193055556,0.0,10519,59.0,,462.0,696.0,277.0,Calibrated radiocarbon years BP,8591,0.840336134454,1.0,119.0,7,9,16184,pollen,Core,BENICIA,11931
Benicia State Park,38.0734722222,-122.193055556,0.0,10519,85.0,,1039.0,1134.0,923.0,Calibrated radiocarbon years BP,8591,4.8231511254,15.0,311.0,10,14,16184,pollen,Core,BENICIA,11931
Benicia State Park,38.0734722222,-122.193055556,0.0,10519,177.0,,1591.0,2021.0,1307.0,Calibrated radiocarbon years BP,8591,0.111111111111,1.0,900.0,9,12,16184,pollen,Core,BENICIA,11931
Benicia State Park,38.0734722222,-122.193055556,0.0,10519,201.0,,1734.0,2466.0,1320.0,Calibrated radiocarbon years BP,8591,0.0832639467111,2.0,2402.0,8,11,16184,pollen,Core,BENICIA,11931
China Camp,38.0075,-122.493333333,0.0,10520,6.0,,89.0,113.0,61.0,Radiocarbon years BP,8593,3.15789473684,12.0,380.0,12,16,16186,pollen,Core,CHINACMP,11932
China Camp,38.0075,-122.493333333,0.0,10520,8.0,,135.0,159.0,107.0,Radiocarbon years BP,8593,2.51572327044,4.0,159.0,7,10,16186,pollen,Core,CHINACMP,11932
China Camp,38.0075,-122.493333333,0.0,10520,21.0,,434.0,461.0,406.0,Radiocarbon years BP,8593,2.23463687151,4.0,179.0,8,13,16186,pollen,Core,CHINACMP,11932
China Camp,38.0075,-122.493333333,0.0,10520,32.0,,693.0,721.0,663.0,Radiocarbon years BP,8593,2.12121212121,7.0,330.0,7,10,16186,pollen,Core,CHINACMP,11932
China Camp,38.0075,-122.493333333,0.0,10520,39.0,,859.0,888.0,827.0,Radiocarbon years BP,8593,5.70902394107,31.0,543.0,10,14,16186,pollen,Core,CHINACMP,11932
China Camp,38.0075,-122.493333333,0.0,10520,43.0,,955.0,984.0,922.0,Radiocarbon years BP,8593,0.79575596817,3.0,377.0,8,11,16186,pollen,Core,CHINACMP,11932
China Camp,38.0075,-122.493333333,0.0,10520,52.0,,1172.0,1203.0,1138.0,Radiocarbon years BP,8593,2.13903743316,8.0,374.0,8,13,16186,pollen,Core,CHINACMP,11932
China Camp,38.0075,-122.493333333,0.0,10520,65.0,,1491.0,1525.0,1456.0,Radiocarbon years BP,8593,3.5,7.0,200.0,8,12,16186,pollen,Core,CHINACMP,11932
China Camp,38.0075,-122.493333333,0.0,10520,102.0,,2426.0,2467.0,2387.0,Radiocarbon years BP,8593,1.76991150442,2.0,113.0,8,13,16186,pollen,Core,CHINACMP,11932
China Camp,38.0075,-122.493333333,0.0,10520,112.0,,2687.0,2729.0,2649.0,Radiocarbon years BP,8593,0.609756097561,1.0,164.0,8,13,16186,pollen,Core,CHINACMP,11932
China Camp,38.0075,-122.493333333,0.0,10520,150.0,,3718.0,3763.0,3674.0,Radiocarbon years BP,8593,18.3098591549,13.0,71.0,7,12,16186,pollen,Core,CHINACMP,11932
China Camp,38.0075,-122.493333333,0.0,10520,156.0,,3886.0,3932.0,3843.0,Radiocarbon years BP,8593,11.1111111111,23.0,207.0,10,15,16186,pollen,Core,CHINACMP,11932
China Camp,38.0075,-122.493333333,0.0,10520,171.0,,4309.0,4353.0,4267.0,Radiocarbon years BP,8593,2.23880597015,3.0,134.0,8,13,16186,pollen,Core,CHINACMP,11932
China Camp,38.0075,-122.493333333,0.0,10520,186.0,,4739.0,4783.0,4700.0,Radiocarbon years BP,8593,0.446428571429,1.0,224.0,6,11,16186,pollen,Core,CHINACMP,11932
China Camp,38.0075,-122.493333333,0.0,10520,198.0,,5089.0,5132.0,5053.0,Radiocarbon years BP,8593,0.518134715026,1.0,193.0,8,13,16186,pollen,Core,CHINACMP,11932
China Camp,38.0075,-122.493333333,0.0,10520,246.0,,6543.0,6587.0,6487.0,Radiocarbon years BP,8593,6.20689655172,9.0,145.0,8,13,16186,pollen,Core,CHINACMP,11932
China Camp,38.0075,-122.493333333,0.0,10520,268.0,,7241.0,7292.0,7182.0,Radiocarbon years BP,8593,2.74725274725,5.0,182.0,8,12,16186,pollen,Core,CHINACMP,11932
China Camp,38.0075,-122.493333333,0.0,10520,279.0,,7598.0,7655.0,7536.0,Radiocarbon years BP,8593,6.90909090909,19.0,275.0,11,16,16186,pollen,Core,CHINACMP,11932
China Camp,38.0075,-122.493333333,0.0,10520,293.0,,8062.0,8122.0,7997.0,Radiocarbon years BP,8593,5.81395348837,15.0,258.0,11,16,16186,pollen,Core,CHINACMP,11932
China Camp,38.0075,-122.493333333,0.0,10520,322.0,,9053.0,9115.0,8986.0,Radiocarbon years BP,8593,6.72782874618,22.0,327.0,10,15,16186,pollen,Core,CHINACMP,11932
China Camp,38.0075,-122.493333333,0.0,10520,328.0,,9264.0,9324.0,9196.0,Radiocarbon years BP,8593,2.85714285714,6.0,210.0,8,13,16186,pollen,Core,CHINACMP,11932
China Camp,38.0075,-122.493333333,0.0,10520,357.0,,10310.0,10366.0,10245.0,Radiocarbon years BP,8593,14.7601476015,40.0,271.0,10,15,16186,pollen,Core,CHINACMP,11932
China Camp,38.0075,-122.493333333,0.0,10520,369.0,,10758.0,10813.0,10694.0,Radiocarbon years BP,8593,10.3550295858,35.0,338.0,10,15,16186,pollen,Core,CHINACMP,11932
China Camp,38.0075,-122.493333333,0.0,10520,373.0,,10910.0,10965.0,10846.0,Radiocarbon years BP,8593,27.027027027,30.0,111.0,7,12,16186,pollen,Core,CHINACMP,11932
China Camp,38.0075,-122.493333333,0.0,10520,392.0,,11643.0,11697.0,11581.0,Radiocarbon years BP,8593,10.6060606061,14.0,132.0,9,13,16186,pollen,Core,CHINACMP,11932
China Camp,38.0075,-122.493333333,0.0,10520,405.0,,12158.0,12213.0,12098.0,Radiocarbon years BP,8593,2.65486725664,3.0,113.0,7,12,16186,pollen,Core,CHINACMP,11932
China Camp,38.0075,-122.493333333,0.0,10520,414.0,,12521.0,12576.0,12461.0,Radiocarbon years BP,8593,2.0,6.0,300.0,9,14,16186,pollen,Core,CHINACMP,11932
China Camp,38.0075,-122.493333333,0.0,10520,425.0,,12973.0,13027.0,12913.0,Radiocarbon years BP,8593,2.98507462687,10.0,335.0,7,10,16186,pollen,Core,CHINACMP,11932
China Camp,38.0075,-122.493333333,0.0,10520,435.0,,13392.0,13446.0,13332.0,Radiocarbon years BP,8593,3.97350993377,6.0,151.0,8,13,16186,pollen,Core,CHINACMP,11932
China Camp,38.0075,-122.493333333,0.0,10520,445.0,,13818.0,13872.0,13757.0,Radiocarbon years BP,8593,4.81927710843,8.0,166.0,8,13,16186,pollen,Core,CHINACMP,11932
China Camp,38.0075,-122.493333333,0.0,10520,455.0,,14250.0,14305.0,14190.0,Radiocarbon years BP,8593,23.3333333333,14.0,60.0,6,11,16186,pollen,Core,CHINACMP,11932
China Camp,38.0075,-122.493333333,0.0,10520,465.0,,14689.0,14744.0,14630.0,Radiocarbon years BP,8593,6.56934306569,9.0,137.0,8,13,16186,pollen,Core,CHINACMP,11932
China Camp,38.0075,-122.493333333,0.0,10520,475.0,,15135.0,15190.0,15080.0,Radiocarbon years BP,8593,6.32911392405,5.0,79.0,8,13,16186,pollen,Core,CHINACMP,11932
Mountain Lake,37.78826,-122.470765,37.0,10522,0.0,0.6,-49.0,-47.0,-53.0,Calibrated radiocarbon years BP,8600,2.0725388601,8.0,386.0,21,28,16197,pollen,Core,MOUNTAIN,11938
Mountain Lake,37.78826,-122.470765,37.0,10522,10.0,0.6,-42.0,-26.0,-50.0,Calibrated radiocarbon years BP,8600,2.88713910761,11.0,381.0,21,29,16197,pollen,Core,MOUNTAIN,11938
Mountain Lake,37.78826,-122.470765,37.0,10522,20.0,0.6,-34.0,-14.0,-47.0,Calibrated radiocarbon years BP,8600,6.5963060686,25.0,379.0,20,27,16197,pollen,Core,MOUNTAIN,11938
Mountain Lake,37.78826,-122.470765,37.0,10522,30.0,0.6,-26.0,-3.0,-43.0,Calibrated radiocarbon years BP,8600,3.98936170213,15.0,376.0,28,36,16197,pollen,Core,MOUNTAIN,11938
Mountain Lake,37.78826,-122.470765,37.0,10522,40.0,0.6,-19.0,7.0,-38.0,Calibrated radiocarbon years BP,8600,4.27807486631,16.0,374.0,30,39,16197,pollen,Core,MOUNTAIN,11938
Mountain Lake,37.78826,-122.470765,37.0,10522,50.0,0.6,-11.0,16.0,-32.0,Calibrated radiocarbon years BP,8600,3.74331550802,14.0,374.0,19,27,16197,pollen,Core,MOUNTAIN,11938
Mountain Lake,37.78826,-122.470765,37.0,10522,60.0,0.6,-3.0,24.0,-26.0,Calibrated radiocarbon years BP,8600,3.96600566572,14.0,353.0,26,36,16197,pollen,Core,MOUNTAIN,11938
Mountain Lake,37.78826,-122.470765,37.0,10522,70.0,0.6,5.0,33.0,-20.0,Calibrated radiocarbon years BP,8600,9.01856763926,34.0,377.0,29,38,16197,pollen,Core,MOUNTAIN,11938
Mountain Lake,37.78826,-122.470765,37.0,10522,80.0,0.6,13.0,41.0,-14.0,Calibrated radiocarbon years BP,8600,8.37988826816,30.0,358.0,30,38,16197,pollen,Core,MOUNTAIN,11938
Mountain Lake,37.78826,-122.470765,37.0,10522,90.0,0.6,20.0,48.0,-7.0,Calibrated radiocarbon years BP,8600,10.6951871658,40.0,374.0,32,41,16197,pollen,Core,MOUNTAIN,11938
Mountain Lake,37.78826,-122.470765,37.0,10522,100.0,0.6,28.0,56.0,0.0,Calibrated radiocarbon years BP,8600,3.90625,15.0,384.0,27,36,16197,pollen,Core,MOUNTAIN,11938
Mountain Lake,37.78826,-122.470765,37.0,10522,110.0,0.6,36.0,63.0,7.0,Calibrated radiocarbon years BP,8600,5.49450549451,20.0,364.0,30,39,16197,pollen,Core,MOUNTAIN,11938
Mountain Lake,37.78826,-122.470765,37.0,10522,118.0,0.6,42.0,68.0,14.0,Calibrated radiocarbon years BP,8600,9.25925925926,35.0,378.0,30,39,16197,pollen,Core,MOUNTAIN,11938
Mountain Lake,37.78826,-122.470765,37.0,10522,130.0,0.6,52.0,76.0,24.0,Calibrated radiocarbon years BP,8600,5.57103064067,20.0,359.0,31,41,16197,pollen,Core,MOUNTAIN,11938
Mountain Lake,37.78826,-122.470765,37.0,10522,140.0,0.6,60.0,83.0,33.0,Calibrated radiocarbon years BP,8600,8.95953757225,31.0,346.0,32,42,16197,pollen,Core,MOUNTAIN,11938
Mountain Lake,37.78826,-122.470765,37.0,10522,150.0,0.6,68.0,89.0,42.0,Calibrated radiocarbon years BP,8600,6.87679083095,24.0,349.0,32,41,16197,pollen,Core,MOUNTAIN,11938
Mountain Lake,37.78826,-122.470765,37.0,10522,160.0,0.6,75.0,95.0,51.0,Calibrated radiocarbon years BP,8600,9.01408450704,32.0,355.0,35,45,16197,pollen,Core,MOUNTAIN,11938
Mountain Lake,37.78826,-122.470765,37.0,10522,170.0,0.6,83.0,100.0,62.0,Calibrated radiocarbon years BP,8600,8.23529411765,28.0,340.0,31,40,16197,pollen,Core,MOUNTAIN,11938
Mountain Lake,37.78826,-122.470765,37.0,10522,175.0,0.6,90.0,103.0,77.0,Calibrated radiocarbon years BP,8600,9.06593406593,33.0,364.0,33,44,16197,pollen,Core,MOUNTAIN,11938
Mountain Lake,37.78826,-122.470765,37.0,10522,180.0,0.6,96.0,109.0,84.0,Calibrated radiocarbon years BP,8600,6.25,22.0,352.0,29,39,16197,pollen,Core,MOUNTAIN,11938
Mountain Lake,37.78826,-122.470765,37.0,10522,185.0,0.6,107.0,117.0,97.0,Calibrated radiocarbon years BP,8600,12.0943952802,41.0,339.0,32,41,16197,pollen,Core,MOUNTAIN,11938
Mountain Lake,37.78826,-122.470765,37.0,10522,190.0,0.6,117.0,133.0,102.0,Calibrated radiocarbon years BP,8600,5.0,19.0,380.0,28,36,16197,pollen,Core,MOUNTAIN,11938
Mountain Lake,37.78826,-122.470765,37.0,10522,195.0,0.6,135.0,160.0,114.0,Calibrated radiocarbon years BP,8600,8.8122605364,23.0,261.0,29,38,16197,pollen,Core,MOUNTAIN,11938
Mountain Lake,37.78826,-122.470765,37.0,10522,200.0,0.6,153.0,199.0,118.0,Calibrated radiocarbon years BP,8600,5.66037735849,21.0,371.0,25,33,16197,pollen,Core,MOUNTAIN,11938
Mountain Lake,37.78826,-122.470765,37.0,10522,210.0,0.6,191.0,277.0,134.0,Calibrated radiocarbon years BP,8600,9.41475826972,37.0,393.0,26,32,16197,pollen,Core,MOUNTAIN,11938
Mountain Lake,37.78826,-122.470765,37.0,10522,220.0,0.6,230.0,335.0,154.0,Calibrated radiocarbon years BP,8600,4.53400503778,18.0,397.0,22,28,16197,pollen,Core,MOUNTAIN,11938
Mountain Lake,37.78826,-122.470765,37.0,10522,260.0,0.6,386.0,509.0,270.0,Calibrated radiocarbon years BP,8600,4.17910447761,14.0,335.0,19,26,16197,pollen,Core,MOUNTAIN,11938
Mountain Lake,37.78826,-122.470765,37.0,10522,270.0,0.6,425.0,548.0,307.0,Calibrated radiocarbon years BP,8600,8.98203592814,30.0,334.0,18,25,16197,pollen,Core,MOUNTAIN,11938
Mountain Lake,37.78826,-122.470765,37.0,10522,280.0,0.6,464.0,586.0,343.0,Calibrated radiocarbon years BP,8600,10.3448275862,39.0,377.0,21,29,16197,pollen,Core,MOUNTAIN,11938
Mountain Lake,37.78826,-122.470765,37.0,10522,290.0,0.6,504.0,617.0,386.0,Calibrated radiocarbon years BP,8600,7.87401574803,30.0,381.0,20,27,16197,pollen,Core,MOUNTAIN,11938
Mountain Lake,37.78826,-122.470765,37.0,10522,300.0,0.6,542.0,649.0,430.0,Calibrated radiocarbon years BP,8600,5.92783505155,23.0,388.0,25,34,16197,pollen,Core,MOUNTAIN,11938
Mountain Lake,37.78826,-122.470765,37.0,10522,310.0,0.6,583.0,685.0,475.0,Calibrated radiocarbon years BP,8600,9.06593406593,33.0,364.0,19,25,16197,pollen,Core,MOUNTAIN,11938
Mountain Lake,37.78826,-122.470765,37.0,10522,320.0,0.6,625.0,751.0,510.0,Calibrated radiocarbon years BP,8600,6.15384615385,24.0,390.0,24,31,16197,pollen,Core,MOUNTAIN,11938
Mountain Lake,37.78826,-122.470765,37.0,10522,330.0,0.6,667.0,805.0,540.0,Calibrated radiocarbon years BP,8600,8.19672131148,30.0,366.0,21,28,16197,pollen,Core,MOUNTAIN,11938
Mountain Lake,37.78826,-122.470765,37.0,10522,350.0,0.6,753.0,907.0,608.0,Calibrated radiocarbon years BP,8600,23.3933161954,91.0,389.0,22,30,16197,pollen,Core,MOUNTAIN,11938
Mountain Lake,37.78826,-122.470765,37.0,10522,360.0,0.6,795.0,955.0,643.0,Calibrated radiocarbon years BP,8600,9.87654320988,40.0,405.0,23,30,16197,pollen,Core,MOUNTAIN,11938
Mountain Lake,37.78826,-122.470765,37.0,10522,370.0,0.6,837.0,999.0,678.0,Calibrated radiocarbon years BP,8600,17.4129353234,70.0,402.0,23,29,16197,pollen,Core,MOUNTAIN,11938
Mountain Lake,37.78826,-122.470765,37.0,10522,380.0,0.6,881.0,1043.0,719.0,Calibrated radiocarbon years BP,8600,15.421686747,64.0,415.0,21,28,16197,pollen,Core,MOUNTAIN,11938
Mountain Lake,37.78826,-122.470765,37.0,10522,400.0,0.6,966.0,1128.0,800.0,Calibrated radiocarbon years BP,8600,14.5408163265,57.0,392.0,22,29,16197,pollen,Core,MOUNTAIN,11938
Mountain Lake,37.78826,-122.470765,37.0,10522,410.0,0.6,1009.0,1164.0,844.0,Calibrated radiocarbon years BP,8600,19.3548387097,78.0,403.0,21,30,16197,pollen,Core,MOUNTAIN,11938
Mountain Lake,37.78826,-122.470765,37.0,10522,420.0,0.6,1052.0,1202.0,884.0,Calibrated radiocarbon years BP,8600,19.0255220418,82.0,431.0,24,33,16197,pollen,Core,MOUNTAIN,11938
Mountain Lake,37.78826,-122.470765,37.0,10522,430.0,0.6,1093.0,1235.0,928.0,Calibrated radiocarbon years BP,8600,5.86854460094,25.0,426.0,25,32,16197,pollen,Core,MOUNTAIN,11938
Mountain Lake,37.78826,-122.470765,37.0,10522,450.0,0.6,1177.0,1302.0,1023.0,Calibrated radiocarbon years BP,8600,10.4557640751,39.0,373.0,25,32,16197,pollen,Core,MOUNTAIN,11938
Mountain Lake,37.78826,-122.470765,37.0,10522,460.0,0.6,1220.0,1332.0,1075.0,Calibrated radiocarbon years BP,8600,11.3372093023,39.0,344.0,27,33,16197,pollen,Core,MOUNTAIN,11938
Mountain Lake,37.78826,-122.470765,37.0,10522,470.0,0.6,1262.0,1387.0,1109.0,Calibrated radiocarbon years BP,8600,8.60759493671,34.0,395.0,26,34,16197,pollen,Core,MOUNTAIN,11938
Mountain Lake,37.78826,-122.470765,37.0,10522,490.0,0.6,1342.0,1494.0,1180.0,Calibrated radiocarbon years BP,8600,11.8131868132,43.0,364.0,25,32,16197,pollen,Core,MOUNTAIN,11938
Mountain Lake,37.78826,-122.470765,37.0,10522,510.0,0.6,1422.0,1590.0,1247.0,Calibrated radiocarbon years BP,8600,9.58904109589,35.0,365.0,21,28,16197,pollen,Core,MOUNTAIN,11938
Mountain Lake,37.78826,-122.470765,37.0,10522,530.0,0.6,1501.0,1682.0,1318.0,Calibrated radiocarbon years BP,8600,6.88622754491,23.0,334.0,26,35,16197,pollen,Core,MOUNTAIN,11938
Mountain Lake,37.78826,-122.470765,37.0,10522,550.0,0.6,1582.0,1772.0,1398.0,Calibrated radiocarbon years BP,8600,14.9295774648,53.0,355.0,27,35,16197,pollen,Core,MOUNTAIN,11938
Mountain Lake,37.78826,-122.470765,37.0,10522,560.0,0.6,1623.0,1814.0,1438.0,Calibrated radiocarbon years BP,8600,8.65921787709,31.0,358.0,22,29,16197,pollen,Core,MOUNTAIN,11938
Mountain Lake,37.78826,-122.470765,37.0,10522,570.0,0.6,1662.0,1851.0,1479.0,Calibrated radiocarbon years BP,8600,9.34065934066,34.0,364.0,24,32,16197,pollen,Core,MOUNTAIN,11938
Mountain Lake,37.78826,-122.470765,37.0,10522,580.0,0.6,1703.0,1892.0,1522.0,Calibrated radiocarbon years BP,8600,5.99455040872,22.0,367.0,23,29,16197,pollen,Core,MOUNTAIN,11938
Mountain Lake,37.78826,-122.470765,37.0,10522,590.0,0.6,1743.0,1934.0,1565.0,Calibrated radiocarbon years BP,8600,6.57142857143,23.0,350.0,21,28,16197,pollen,Core,MOUNTAIN,11938
Mountain Lake,37.78826,-122.470765,37.0,10522,595.0,0.6,1763.0,1956.0,1589.0,Calibrated radiocarbon years BP,8600,4.3956043956,16.0,364.0,25,32,16197,pollen,Core,MOUNTAIN,11938
Fish Lake,41.26396,-123.68312,541.0,13488,10.0,1.0,-32.0,-28.0,-36.0,Calibrated radiocarbon years BP,11761,0.260416666667,1.0,384.0,20,26,20316,pollen,Core,FISHLKCA,15112
Fish Lake,41.26396,-123.68312,541.0,13488,24.0,1.0,30.0,36.0,23.0,Calibrated radiocarbon years BP,11761,0.3003003003,1.0,333.0,20,26,20316,pollen,Core,FISHLKCA,15112
Fish Lake,41.26396,-123.68312,541.0,13488,240.0,1.0,1688.0,1762.0,1616.0,Calibrated radiocarbon years BP,11761,0.265957446809,1.0,376.0,21,29,20316,pollen,Core,FISHLKCA,15112
